motif_ID	motif_ALT_ID	motif_P-value	seq_ID	seq_Score	seq_Class	is_holdout?
1-TAGATGATGTTT	STREME-1	3.6e-003	FBgn0267516:chrX23278769:23279992	20.11	tp	0
1-TAGATGATGTTT	STREME-1	3.6e-003	Not	20.11	tp	0
1-TAGATGATGTTT	STREME-1	3.6e-003	Not	20.11	tp	0
1-TAGATGATGTTT	STREME-1	3.6e-003	Not	20.11	tp	0
1-TAGATGATGTTT	STREME-1	3.6e-003	FBgn0267516:chrX23278769:23279992	20.11	tp	0
1-TAGATGATGTTT	STREME-1	3.6e-003	FBgn0267516:chrX23278769:23279992	20.11	tp	1
1-TAGATGATGTTT	STREME-1	3.6e-003	Not	18.25	tp	0
1-TAGATGATGTTT	STREME-1	3.6e-003	Not	18.25	tp	0
1-TAGATGATGTTT	STREME-1	3.6e-003	FBgn0038092:chr3R12921669:12924225	18.25	tp	0
1-TAGATGATGTTT	STREME-1	3.6e-003	FBgn0087007:chr3L14471785:14472353	18.25	tp	0
1-TAGATGATGTTT	STREME-1	3.6e-003	Not	18.25	tp	0
1-TAGATGATGTTT	STREME-1	3.6e-003	FBgn0063485,FBgn0264605:chr3L16687127:16688008	18.25	tp	0
1-TAGATGATGTTT	STREME-1	3.6e-003	FBgn0000721:chr2L3653201:3653518	18.25	tp	0
1-TAGATGATGTTT	STREME-1	3.6e-003	Not	18.25	tp	0
1-TAGATGATGTTT	STREME-1	3.6e-003	Not	18.25	tp	0
1-TAGATGATGTTT	STREME-1	3.6e-003	Not	18.25	tp	1
1-TAGATGATGTTT	STREME-1	3.6e-003	FBgn0031975:chr2L8016591:8017414	18.25	tp	1
1-TAGATGATGTTT	STREME-1	3.6e-003	FBgn0032485,FBgn0032484:chr2L13215522:13216273	16.88	tp	1
1-TAGATGATGTTT	STREME-1	3.6e-003	FBgn0267413:chrY3302860:3303458	16.61	tp	0
1-TAGATGATGTTT	STREME-1	3.6e-003	FBgn0087007:chr3L14469031:14469426	16.61	tp	0
1-TAGATGATGTTT	STREME-1	3.6e-003	Not	16.61	tp	0
1-TAGATGATGTTT	STREME-1	3.6e-003	FBgn0005640:chr3L3601796:3602208	16.61	tp	0
1-TAGATGATGTTT	STREME-1	3.6e-003	Not	16.61	tp	0
1-TAGATGATGTTT	STREME-1	3.6e-003	FBgn0011288:chr3L24246815:24247223	16.61	tp	0
1-TAGATGATGTTT	STREME-1	3.6e-003	FBgn0038092:chr3R12924459:12925201	16.61	tp	1
1-TAGATGATGTTT	STREME-1	3.6e-003	Not	16.61	tp	1
1-TAGATGATGTTT	STREME-1	3.6e-003	Not	14.81	tp	0
1-TAGATGATGTTT	STREME-1	3.6e-003	Not	14.81	tp	0
1-TAGATGATGTTT	STREME-1	3.6e-003	Not	14.81	tp	0
1-TAGATGATGTTT	STREME-1	3.6e-003	FBgn0267516,FBgn0267522:chrX23278073:23278549	14.81	tp	0
1-TAGATGATGTTT	STREME-1	3.6e-003	Not	14.81	tp	0
1-TAGATGATGTTT	STREME-1	3.6e-003	FBgn0267516,FBgn0267522:chrX23278073:23278549	14.81	tp	0
1-TAGATGATGTTT	STREME-1	3.6e-003	FBgn0267516,FBgn0267522:chrX23278073:23278549	14.81	tp	0
1-TAGATGATGTTT	STREME-1	3.6e-003	Not	14.81	tp	0
1-TAGATGATGTTT	STREME-1	3.6e-003	Not	14.81	tp	0
1-TAGATGATGTTT	STREME-1	3.6e-003	Not	14.81	tp	1
1-TAGATGATGTTT	STREME-1	3.6e-003	Not	14.13	tp	0
1-TAGATGATGTTT	STREME-1	3.6e-003	Not	14.13	tp	0
1-TAGATGATGTTT	STREME-1	3.6e-003	FBgn0087007:chr3L14469780:14470954	14.13	tp	0
1-TAGATGATGTTT	STREME-1	3.6e-003	Not	14.13	tp	0
1-TAGATGATGTTT	STREME-1	3.6e-003	FBgn0063485,FBgn0264605:chr3L16685825:16686827	14.13	tp	0
1-TAGATGATGTTT	STREME-1	3.6e-003	Not	14.13	tp	0
1-TAGATGATGTTT	STREME-1	3.6e-003	Not	14.13	tp	0
1-TAGATGATGTTT	STREME-1	3.6e-003	FBgn0031975:chr2L8015551:8016175	14.13	tp	0
1-TAGATGATGTTT	STREME-1	3.6e-003	FBgn0043458,FBgn0020248:chr3L1489540:1490011	13.69	tp	0
1-TAGATGATGTTT	STREME-1	3.6e-003	Not	13.68	tp	0
1-TAGATGATGTTT	STREME-1	3.6e-003	Not	13.68	tp	0
1-TAGATGATGTTT	STREME-1	3.6e-003	Not	13.68	tp	0
1-TAGATGATGTTT	STREME-1	3.6e-003	Not	13.68	tp	0
1-TAGATGATGTTT	STREME-1	3.6e-003	Not	13.68	tp	0
1-TAGATGATGTTT	STREME-1	3.6e-003	Not	13.68	tp	0
1-TAGATGATGTTT	STREME-1	3.6e-003	Not	13.45	tp	0
#
2-TCGTTAAAAAT	STREME-2	3.6e-003	Not	18.19	tp	0
2-TCGTTAAAAAT	STREME-2	3.6e-003	Not	18.19	tp	0
2-TCGTTAAAAAT	STREME-2	3.6e-003	Not	18.19	tp	0
2-TCGTTAAAAAT	STREME-2	3.6e-003	Not	18.19	tp	0
2-TCGTTAAAAAT	STREME-2	3.6e-003	Not	18.19	tp	0
2-TCGTTAAAAAT	STREME-2	3.6e-003	FBgn0267519:chrX23214212:23214517	18.19	tp	0
2-TCGTTAAAAAT	STREME-2	3.6e-003	FBgn0267519:chrX23214212:23214517	18.19	tp	0
2-TCGTTAAAAAT	STREME-2	3.6e-003	Not	18.19	tp	0
2-TCGTTAAAAAT	STREME-2	3.6e-003	FBgn0267519:chrX23214212:23214517	18.19	tp	0
2-TCGTTAAAAAT	STREME-2	3.6e-003	Not	18.19	tp	0
2-TCGTTAAAAAT	STREME-2	3.6e-003	Not	18.19	fp	0
2-TCGTTAAAAAT	STREME-2	3.6e-003	Not	18.04	tp	0
2-TCGTTAAAAAT	STREME-2	3.6e-003	Not	18.04	tp	0
2-TCGTTAAAAAT	STREME-2	3.6e-003	Not	18.04	tp	0
2-TCGTTAAAAAT	STREME-2	3.6e-003	FBgn0267516,FBgn0267522:chrX23278073:23278549	18.04	tp	0
2-TCGTTAAAAAT	STREME-2	3.6e-003	Not	18.04	tp	0
2-TCGTTAAAAAT	STREME-2	3.6e-003	FBgn0267516,FBgn0267522:chrX23278073:23278549	18.04	tp	0
2-TCGTTAAAAAT	STREME-2	3.6e-003	FBgn0267516,FBgn0267522:chrX23278073:23278549	18.04	tp	0
2-TCGTTAAAAAT	STREME-2	3.6e-003	Not	18.04	tp	0
2-TCGTTAAAAAT	STREME-2	3.6e-003	Not	18.04	tp	0
2-TCGTTAAAAAT	STREME-2	3.6e-003	Not	18.04	tp	1
2-TCGTTAAAAAT	STREME-2	3.6e-003	FBgn0087007:chr3L14469031:14469426	17.00	tp	0
2-TCGTTAAAAAT	STREME-2	3.6e-003	FBgn0005640:chr3L3601796:3602208	17.00	tp	0
2-TCGTTAAAAAT	STREME-2	3.6e-003	Not	17.00	tp	0
2-TCGTTAAAAAT	STREME-2	3.6e-003	FBgn0011288:chr3L24246815:24247223	17.00	tp	0
2-TCGTTAAAAAT	STREME-2	3.6e-003	FBgn0029824:chrX5931492:5931692	17.00	tp	0
2-TCGTTAAAAAT	STREME-2	3.6e-003	Not	17.00	tp	1
2-TCGTTAAAAAT	STREME-2	3.6e-003	FBgn0038092:chr3R12924459:12925201	17.00	tp	1
2-TCGTTAAAAAT	STREME-2	3.6e-003	Not	17.00	tp	1
2-TCGTTAAAAAT	STREME-2	3.6e-003	Not	16.52	tp	0
2-TCGTTAAAAAT	STREME-2	3.6e-003	FBgn0087007:chr3L14471337:14471623	16.52	tp	0
2-TCGTTAAAAAT	STREME-2	3.6e-003	FBgn0038092:chr3R12921669:12924225	16.52	tp	0
2-TCGTTAAAAAT	STREME-2	3.6e-003	FBgn0063485,FBgn0264605:chr3L16687127:16688008	16.52	tp	0
2-TCGTTAAAAAT	STREME-2	3.6e-003	Not	16.52	tp	0
2-TCGTTAAAAAT	STREME-2	3.6e-003	Not	16.52	tp	0
2-TCGTTAAAAAT	STREME-2	3.6e-003	Not	16.52	tp	1
2-TCGTTAAAAAT	STREME-2	3.6e-003	FBgn0031975:chr2L8016591:8017414	16.52	tp	1
2-TCGTTAAAAAT	STREME-2	3.6e-003	Not	16.52	tp	1
2-TCGTTAAAAAT	STREME-2	3.6e-003	Not	14.66	tp	0
#
3-AGTCCCATAT	STREME-3	9.2e-003	Not	18.21	tp	0
3-AGTCCCATAT	STREME-3	9.2e-003	FBgn0267516:chrX23278769:23279992	18.21	tp	0
3-AGTCCCATAT	STREME-3	9.2e-003	Not	18.21	tp	0
3-AGTCCCATAT	STREME-3	9.2e-003	Not	18.21	tp	0
3-AGTCCCATAT	STREME-3	9.2e-003	FBgn0267519:chrX23214212:23214517	18.21	tp	0
3-AGTCCCATAT	STREME-3	9.2e-003	FBgn0267519:chrX23214212:23214517	18.21	tp	0
3-AGTCCCATAT	STREME-3	9.2e-003	Not	18.21	tp	0
3-AGTCCCATAT	STREME-3	9.2e-003	FBgn0267519:chrX23214212:23214517	18.21	tp	0
3-AGTCCCATAT	STREME-3	9.2e-003	Not	18.21	tp	0
3-AGTCCCATAT	STREME-3	9.2e-003	Not	18.21	tp	0
3-AGTCCCATAT	STREME-3	9.2e-003	Not	18.21	tp	0
3-AGTCCCATAT	STREME-3	9.2e-003	FBgn0267516:chrX23278769:23279992	18.21	tp	0
3-AGTCCCATAT	STREME-3	9.2e-003	FBgn0267516:chrX23278769:23279992	18.21	tp	1
3-AGTCCCATAT	STREME-3	9.2e-003	Not	16.62	tp	0
3-AGTCCCATAT	STREME-3	9.2e-003	Not	16.62	tp	0
3-AGTCCCATAT	STREME-3	9.2e-003	Not	16.62	tp	0
3-AGTCCCATAT	STREME-3	9.2e-003	FBgn0267516,FBgn0267522:chrX23278073:23278549	16.62	tp	0
3-AGTCCCATAT	STREME-3	9.2e-003	Not	16.62	tp	0
3-AGTCCCATAT	STREME-3	9.2e-003	FBgn0267516,FBgn0267522:chrX23278073:23278549	16.62	tp	0
3-AGTCCCATAT	STREME-3	9.2e-003	FBgn0267516,FBgn0267522:chrX23278073:23278549	16.62	tp	0
3-AGTCCCATAT	STREME-3	9.2e-003	Not	16.62	tp	0
3-AGTCCCATAT	STREME-3	9.2e-003	Not	16.62	tp	0
3-AGTCCCATAT	STREME-3	9.2e-003	Not	16.62	tp	1
3-AGTCCCATAT	STREME-3	9.2e-003	FBgn0038092:chr3R12921669:12924225	15.94	tp	0
3-AGTCCCATAT	STREME-3	9.2e-003	FBgn0087007:chr3L14469780:14470954	15.94	tp	0
3-AGTCCCATAT	STREME-3	9.2e-003	Not	15.94	tp	0
3-AGTCCCATAT	STREME-3	9.2e-003	FBgn0063485,FBgn0264605:chr3L16685825:16686827	15.94	tp	0
3-AGTCCCATAT	STREME-3	9.2e-003	Not	15.94	tp	0
3-AGTCCCATAT	STREME-3	9.2e-003	Not	15.94	tp	0
3-AGTCCCATAT	STREME-3	9.2e-003	Not	15.94	tp	1
3-AGTCCCATAT	STREME-3	9.2e-003	Not	15.55	tp	0
3-AGTCCCATAT	STREME-3	9.2e-003	Not	15.55	tp	0
3-AGTCCCATAT	STREME-3	9.2e-003	FBgn0087007:chr3L14471785:14472353	15.55	tp	0
3-AGTCCCATAT	STREME-3	9.2e-003	Not	15.55	tp	0
3-AGTCCCATAT	STREME-3	9.2e-003	FBgn0063485,FBgn0264605:chr3L16687127:16688008	15.55	tp	0
3-AGTCCCATAT	STREME-3	9.2e-003	FBgn0000721:chr2L3653201:3653518	15.55	tp	0
3-AGTCCCATAT	STREME-3	9.2e-003	Not	15.55	tp	0
3-AGTCCCATAT	STREME-3	9.2e-003	Not	15.55	tp	0
3-AGTCCCATAT	STREME-3	9.2e-003	FBgn0031975:chr2L8016591:8017414	15.55	tp	1
3-AGTCCCATAT	STREME-3	9.2e-003	FBgn0267521,FBgn0267516:chrX23282125:23283288	14.85	tp	0
3-AGTCCCATAT	STREME-3	9.2e-003	Not	14.85	tp	0
3-AGTCCCATAT	STREME-3	9.2e-003	FBgn0267521,FBgn0267516:chrX23282125:23283288	14.85	tp	0
3-AGTCCCATAT	STREME-3	9.2e-003	Not	14.85	tp	0
3-AGTCCCATAT	STREME-3	9.2e-003	Not	14.85	tp	0
3-AGTCCCATAT	STREME-3	9.2e-003	FBgn0267521,FBgn0267516:chrX23282125:23283288	14.85	tp	0
3-AGTCCCATAT	STREME-3	9.2e-003	Not	14.85	tp	1
3-AGTCCCATAT	STREME-3	9.2e-003	FBgn0267521,FBgn0267516:chrX23283521:23284212	12.51	tp	0
3-AGTCCCATAT	STREME-3	9.2e-003	FBgn0267521,FBgn0267516:chrX23283521:23284212	12.51	tp	0
3-AGTCCCATAT	STREME-3	9.2e-003	FBgn0053229,FBgn0262109:chr3L225631:226052	12.15	tp	1
3-AGTCCCATAT	STREME-3	9.2e-003	FBgn0266709:chr3L13023717:13023971	11.98	tp	0
#
4-ATTATATATAAATA	STREME-4	2.2e-002	FBgn0267519:chrX23214212:23214517	19.29	tp	0
4-ATTATATATAAATA	STREME-4	2.2e-002	FBgn0267519:chrX23214212:23214517	19.29	tp	0
4-ATTATATATAAATA	STREME-4	2.2e-002	FBgn0267519:chrX23214212:23214517	19.29	tp	0
4-ATTATATATAAATA	STREME-4	2.2e-002	Not	19.29	tp	0
4-ATTATATATAAATA	STREME-4	2.2e-002	Not	19.29	tp	0
4-ATTATATATAAATA	STREME-4	2.2e-002	Not	18.57	tp	0
4-ATTATATATAAATA	STREME-4	2.2e-002	Not	18.57	tp	0
4-ATTATATATAAATA	STREME-4	2.2e-002	Not	18.57	tp	0
4-ATTATATATAAATA	STREME-4	2.2e-002	Not	18.57	tp	0
4-ATTATATATAAATA	STREME-4	2.2e-002	Not	18.57	tp	0
4-ATTATATATAAATA	STREME-4	2.2e-002	FBgn0266252:chr3R20890739:20892163	17.72	tp	0
4-ATTATATATAAATA	STREME-4	2.2e-002	FBgn0266252:chr3R20890739:20892163	17.72	tp	0
4-ATTATATATAAATA	STREME-4	2.2e-002	Not	17.18	tp	0
4-ATTATATATAAATA	STREME-4	2.2e-002	FBgn0267521,FBgn0267516:chrX23282125:23283288	17.18	tp	0
4-ATTATATATAAATA	STREME-4	2.2e-002	Not	17.18	tp	0
4-ATTATATATAAATA	STREME-4	2.2e-002	FBgn0267521,FBgn0267516:chrX23282125:23283288	17.18	tp	0
4-ATTATATATAAATA	STREME-4	2.2e-002	Not	17.18	tp	0
4-ATTATATATAAATA	STREME-4	2.2e-002	FBgn0267521,FBgn0267516:chrX23282125:23283288	17.18	tp	0
4-ATTATATATAAATA	STREME-4	2.2e-002	Not	16.64	tp	0
4-ATTATATATAAATA	STREME-4	2.2e-002	Not	16.64	tp	0
4-ATTATATATAAATA	STREME-4	2.2e-002	FBgn0087007:chr3L14471785:14472353	16.64	tp	0
4-ATTATATATAAATA	STREME-4	2.2e-002	FBgn0063485,FBgn0264605:chr3L16687127:16688008	16.64	tp	0
4-ATTATATATAAATA	STREME-4	2.2e-002	Not	16.64	tp	0
4-ATTATATATAAATA	STREME-4	2.2e-002	Not	16.64	tp	0
4-ATTATATATAAATA	STREME-4	2.2e-002	Not	16.64	tp	1
4-ATTATATATAAATA	STREME-4	2.2e-002	FBgn0031975:chr2L8016591:8017414	16.64	tp	1
4-ATTATATATAAATA	STREME-4	2.2e-002	FBgn0038092:chr3R12921669:12924225	16.53	tp	0
4-ATTATATATAAATA	STREME-4	2.2e-002	FBgn0087007:chr3L14469780:14470954	16.53	tp	0
4-ATTATATATAAATA	STREME-4	2.2e-002	Not	16.53	tp	0
4-ATTATATATAAATA	STREME-4	2.2e-002	FBgn0063485,FBgn0264605:chr3L16685825:16686827	16.53	tp	0
4-ATTATATATAAATA	STREME-4	2.2e-002	Not	16.53	tp	0
4-ATTATATATAAATA	STREME-4	2.2e-002	Not	16.53	tp	0
4-ATTATATATAAATA	STREME-4	2.2e-002	FBgn0031975:chr2L8015551:8016175	16.53	tp	0
4-ATTATATATAAATA	STREME-4	2.2e-002	Not	16.51	tp	1
4-ATTATATATAAATA	STREME-4	2.2e-002	Not	16.24	tp	0
4-ATTATATATAAATA	STREME-4	2.2e-002	Not	15.68	tp	0
4-ATTATATATAAATA	STREME-4	2.2e-002	Not	15.68	tp	0
4-ATTATATATAAATA	STREME-4	2.2e-002	Not	15.68	tp	0
4-ATTATATATAAATA	STREME-4	2.2e-002	Not	15.68	tp	0
4-ATTATATATAAATA	STREME-4	2.2e-002	Not	15.57	tp	0
4-ATTATATATAAATA	STREME-4	2.2e-002	Not	15.38	tp	0
4-ATTATATATAAATA	STREME-4	2.2e-002	FBgn0267516:chrX23278769:23279992	15.38	tp	0
4-ATTATATATAAATA	STREME-4	2.2e-002	FBgn0267516:chrX23278769:23279992	15.38	tp	0
4-ATTATATATAAATA	STREME-4	2.2e-002	Not	15.38	tp	0
4-ATTATATATAAATA	STREME-4	2.2e-002	Not	15.38	tp	1
4-ATTATATATAAATA	STREME-4	2.2e-002	FBgn0267516:chrX23278769:23279992	15.38	tp	1
#
5-CGCCCGTHGCTAC	STREME-5	2.2e-002	Not	24.78	tp	0
5-CGCCCGTHGCTAC	STREME-5	2.2e-002	Not	24.78	tp	0
5-CGCCCGTHGCTAC	STREME-5	2.2e-002	Not	24.78	tp	0
5-CGCCCGTHGCTAC	STREME-5	2.2e-002	Not	24.78	tp	0
5-CGCCCGTHGCTAC	STREME-5	2.2e-002	Not	24.78	tp	0
5-CGCCCGTHGCTAC	STREME-5	2.2e-002	FBgn0267521,FBgn0267516,FBgn0267522:chrX23280992:23281463	24.78	tp	0
5-CGCCCGTHGCTAC	STREME-5	2.2e-002	FBgn0267521,FBgn0267516,FBgn0267522:chrX23280992:23281463	24.78	tp	0
5-CGCCCGTHGCTAC	STREME-5	2.2e-002	FBgn0087007:chr3L14469031:14469426	19.48	tp	0
5-CGCCCGTHGCTAC	STREME-5	2.2e-002	Not	19.48	tp	0
5-CGCCCGTHGCTAC	STREME-5	2.2e-002	Not	19.48	tp	0
5-CGCCCGTHGCTAC	STREME-5	2.2e-002	FBgn0005640:chr3L3601796:3602208	19.48	tp	0
5-CGCCCGTHGCTAC	STREME-5	2.2e-002	Not	19.48	tp	0
5-CGCCCGTHGCTAC	STREME-5	2.2e-002	FBgn0011288:chr3L24246815:24247223	19.48	tp	0
5-CGCCCGTHGCTAC	STREME-5	2.2e-002	FBgn0029824:chrX5931492:5931692	19.48	tp	0
5-CGCCCGTHGCTAC	STREME-5	2.2e-002	FBgn0038092:chr3R12924459:12925201	19.48	tp	1
5-CGCCCGTHGCTAC	STREME-5	2.2e-002	Not	19.48	tp	1
5-CGCCCGTHGCTAC	STREME-5	2.2e-002	Not	17.81	tp	0
5-CGCCCGTHGCTAC	STREME-5	2.2e-002	Not	17.81	tp	0
5-CGCCCGTHGCTAC	STREME-5	2.2e-002	Not	17.63	tp	0
5-CGCCCGTHGCTAC	STREME-5	2.2e-002	Not	17.63	tp	0
5-CGCCCGTHGCTAC	STREME-5	2.2e-002	FBgn0038092:chr3R12921669:12924225	17.63	tp	0
5-CGCCCGTHGCTAC	STREME-5	2.2e-002	FBgn0087007:chr3L14471785:14472353	17.63	tp	0
5-CGCCCGTHGCTAC	STREME-5	2.2e-002	Not	17.63	tp	0
5-CGCCCGTHGCTAC	STREME-5	2.2e-002	FBgn0063485,FBgn0264605:chr3L16687127:16688008	17.63	tp	0
5-CGCCCGTHGCTAC	STREME-5	2.2e-002	Not	17.63	tp	0
5-CGCCCGTHGCTAC	STREME-5	2.2e-002	Not	17.63	tp	0
5-CGCCCGTHGCTAC	STREME-5	2.2e-002	Not	17.63	tp	1
5-CGCCCGTHGCTAC	STREME-5	2.2e-002	FBgn0031975:chr2L8016591:8017414	17.63	tp	1
5-CGCCCGTHGCTAC	STREME-5	2.2e-002	FBgn0250753,FBgn0082961,FBgn0082988:chr3R5597231:5597444	17.00	tp	0
5-CGCCCGTHGCTAC	STREME-5	2.2e-002	FBgn0267521,FBgn0267516:chrX23282125:23283288	16.54	tp	0
5-CGCCCGTHGCTAC	STREME-5	2.2e-002	FBgn0267521,FBgn0267516:chrX23282125:23283288	16.54	tp	0
5-CGCCCGTHGCTAC	STREME-5	2.2e-002	Not	16.54	tp	0
5-CGCCCGTHGCTAC	STREME-5	2.2e-002	Not	16.54	tp	0
5-CGCCCGTHGCTAC	STREME-5	2.2e-002	FBgn0267521,FBgn0267516:chrX23282125:23283288	16.54	tp	0
5-CGCCCGTHGCTAC	STREME-5	2.2e-002	Not	16.54	tp	1
5-CGCCCGTHGCTAC	STREME-5	2.2e-002	FBgn0032364,FBgn0032363:chr2L11516480:11517366	14.72	tp	0
5-CGCCCGTHGCTAC	STREME-5	2.2e-002	FBgn0260400,FBgn0004648,FBgn0023535:chrX508941:509295	14.71	fp	0
5-CGCCCGTHGCTAC	STREME-5	2.2e-002	FBgn0267704:chrX21779185:21780315	14.44	tp	0
5-CGCCCGTHGCTAC	STREME-5	2.2e-002	Not	14.01	tp	0
5-CGCCCGTHGCTAC	STREME-5	2.2e-002	Not	14.01	tp	0
5-CGCCCGTHGCTAC	STREME-5	2.2e-002	FBgn0034253,FBgn0029006:chr2R17605058:17605329	13.67	tp	0
5-CGCCCGTHGCTAC	STREME-5	2.2e-002	Not	13.20	tp	0
5-CGCCCGTHGCTAC	STREME-5	2.2e-002	Not	13.20	tp	0
5-CGCCCGTHGCTAC	STREME-5	2.2e-002	Not	13.20	tp	0
5-CGCCCGTHGCTAC	STREME-5	2.2e-002	Not	12.96	tp	0
#
6-CGCCATCGA	STREME-6	2.2e-002	FBgn0266709:chr3L13023717:13023971	17.31	tp	0
6-CGCCATCGA	STREME-6	2.2e-002	Not	15.77	tp	0
6-CGCCATCGA	STREME-6	2.2e-002	Not	15.77	tp	0
6-CGCCATCGA	STREME-6	2.2e-002	Not	15.77	tp	0
6-CGCCATCGA	STREME-6	2.2e-002	FBgn0267516,FBgn0267522:chrX23278073:23278549	15.77	tp	0
6-CGCCATCGA	STREME-6	2.2e-002	Not	15.77	tp	0
6-CGCCATCGA	STREME-6	2.2e-002	FBgn0267516,FBgn0267522:chrX23278073:23278549	15.77	tp	0
6-CGCCATCGA	STREME-6	2.2e-002	FBgn0267516,FBgn0267522:chrX23278073:23278549	15.77	tp	0
6-CGCCATCGA	STREME-6	2.2e-002	Not	15.77	tp	0
6-CGCCATCGA	STREME-6	2.2e-002	Not	15.77	tp	0
6-CGCCATCGA	STREME-6	2.2e-002	Not	15.77	tp	1
6-CGCCATCGA	STREME-6	2.2e-002	Not	15.26	tp	0
6-CGCCATCGA	STREME-6	2.2e-002	Not	15.26	tp	0
6-CGCCATCGA	STREME-6	2.2e-002	Not	15.26	tp	0
6-CGCCATCGA	STREME-6	2.2e-002	Not	15.26	tp	0
6-CGCCATCGA	STREME-6	2.2e-002	Not	15.26	tp	0
6-CGCCATCGA	STREME-6	2.2e-002	Not	15.26	tp	0
6-CGCCATCGA	STREME-6	2.2e-002	Not	15.26	tp	0
6-CGCCATCGA	STREME-6	2.2e-002	Not	15.26	tp	0
6-CGCCATCGA	STREME-6	2.2e-002	Not	15.26	tp	0
6-CGCCATCGA	STREME-6	2.2e-002	FBgn0053229,FBgn0262109:chr3L225631:226052	15.26	tp	1
6-CGCCATCGA	STREME-6	2.2e-002	Not	15.08	tp	0
6-CGCCATCGA	STREME-6	2.2e-002	FBgn0024245:chr2L19347583:19348076	15.08	tp	0
6-CGCCATCGA	STREME-6	2.2e-002	Not	15.08	tp	1
6-CGCCATCGA	STREME-6	2.2e-002	FBgn0037504:chr3R7474747:7475033	14.67	tp	0
6-CGCCATCGA	STREME-6	2.2e-002	Not	14.67	fp	0
6-CGCCATCGA	STREME-6	2.2e-002	FBgn0267413:chrY3302860:3303458	14.61	tp	0
6-CGCCATCGA	STREME-6	2.2e-002	Not	14.61	tp	0
6-CGCCATCGA	STREME-6	2.2e-002	Not	14.61	tp	0
6-CGCCATCGA	STREME-6	2.2e-002	FBgn0005640:chr3L3601796:3602208	14.61	tp	0
6-CGCCATCGA	STREME-6	2.2e-002	Not	14.61	tp	0
6-CGCCATCGA	STREME-6	2.2e-002	FBgn0011288:chr3L24246815:24247223	14.61	tp	0
6-CGCCATCGA	STREME-6	2.2e-002	FBgn0038092:chr3R12924459:12925201	14.61	tp	1
6-CGCCATCGA	STREME-6	2.2e-002	Not	14.61	tp	1
6-CGCCATCGA	STREME-6	2.2e-002	Not	14.60	tp	0
6-CGCCATCGA	STREME-6	2.2e-002	Not	14.60	tp	0
6-CGCCATCGA	STREME-6	2.2e-002	Not	14.60	tp	0
6-CGCCATCGA	STREME-6	2.2e-002	Not	14.60	tp	0
6-CGCCATCGA	STREME-6	2.2e-002	FBgn0040071:chr3R16244651:16244971	14.13	tp	0
6-CGCCATCGA	STREME-6	2.2e-002	Not	13.78	tp	0
6-CGCCATCGA	STREME-6	2.2e-002	Not	13.78	tp	0
6-CGCCATCGA	STREME-6	2.2e-002	FBgn0267523:chrX23290153:23290590	13.51	tp	0
#
7-AATAWAAATCRKA	STREME-7	2.2e-002	FBgn0267413:chrY3302860:3303458	19.05	tp	0
7-AATAWAAATCRKA	STREME-7	2.2e-002	FBgn0029824:chrX5931923:5932137	19.05	tp	0
7-AATAWAAATCRKA	STREME-7	2.2e-002	Not	19.05	tp	0
7-AATAWAAATCRKA	STREME-7	2.2e-002	Not	19.05	tp	0
7-AATAWAAATCRKA	STREME-7	2.2e-002	FBgn0038092:chr3R12924459:12925201	19.05	tp	1
7-AATAWAAATCRKA	STREME-7	2.2e-002	Not	18.77	tp	0
7-AATAWAAATCRKA	STREME-7	2.2e-002	Not	18.77	tp	0
7-AATAWAAATCRKA	STREME-7	2.2e-002	FBgn0038092:chr3R12921669:12924225	18.77	tp	0
7-AATAWAAATCRKA	STREME-7	2.2e-002	FBgn0087007:chr3L14471785:14472353	18.77	tp	0
7-AATAWAAATCRKA	STREME-7	2.2e-002	Not	18.77	tp	0
7-AATAWAAATCRKA	STREME-7	2.2e-002	FBgn0063485,FBgn0264605:chr3L16687127:16688008	18.77	tp	0
7-AATAWAAATCRKA	STREME-7	2.2e-002	FBgn0000721:chr2L3653201:3653518	18.77	tp	0
7-AATAWAAATCRKA	STREME-7	2.2e-002	Not	18.77	tp	0
7-AATAWAAATCRKA	STREME-7	2.2e-002	Not	18.77	tp	0
7-AATAWAAATCRKA	STREME-7	2.2e-002	Not	18.77	tp	1
7-AATAWAAATCRKA	STREME-7	2.2e-002	FBgn0031975:chr2L8016591:8017414	18.77	tp	1
7-AATAWAAATCRKA	STREME-7	2.2e-002	Not	16.51	tp	0
7-AATAWAAATCRKA	STREME-7	2.2e-002	Not	16.51	tp	0
7-AATAWAAATCRKA	STREME-7	2.2e-002	Not	16.51	tp	0
7-AATAWAAATCRKA	STREME-7	2.2e-002	Not	16.51	tp	0
7-AATAWAAATCRKA	STREME-7	2.2e-002	Not	16.51	tp	0
7-AATAWAAATCRKA	STREME-7	2.2e-002	Not	16.51	tp	0
7-AATAWAAATCRKA	STREME-7	2.2e-002	Not	16.51	tp	0
7-AATAWAAATCRKA	STREME-7	2.2e-002	Not	15.56	tp	0
7-AATAWAAATCRKA	STREME-7	2.2e-002	Not	15.56	tp	0
7-AATAWAAATCRKA	STREME-7	2.2e-002	Not	14.99	tp	0
7-AATAWAAATCRKA	STREME-7	2.2e-002	Not	13.89	tp	0
7-AATAWAAATCRKA	STREME-7	2.2e-002	FBgn0267516:chrX23278769:23279992	13.89	tp	0
7-AATAWAAATCRKA	STREME-7	2.2e-002	FBgn0267516:chrX23278769:23279992	13.89	tp	0
7-AATAWAAATCRKA	STREME-7	2.2e-002	Not	13.89	tp	0
7-AATAWAAATCRKA	STREME-7	2.2e-002	Not	13.89	tp	1
7-AATAWAAATCRKA	STREME-7	2.2e-002	FBgn0267516:chrX23278769:23279992	13.89	tp	1
#
8-AGTGTACCTC	STREME-8	4.3e-002	FBgn0000546:chr2R6153818:6154053	17.59	tp	0
8-AGTGTACCTC	STREME-8	4.3e-002	FBgn0039326,FBgn0045761:chr3R25323581:25323906	16.14	fp	0
8-AGTGTACCTC	STREME-8	4.3e-002	FBgn0035398,FBgn0035397:chr3L3090583:3091193	14.96	tp	0
8-AGTGTACCTC	STREME-8	4.3e-002	Not	14.80	tp	0
8-AGTGTACCTC	STREME-8	4.3e-002	Not	14.80	tp	0
8-AGTGTACCTC	STREME-8	4.3e-002	FBgn0002590:chrX17146092:17146365	14.80	tp	0
8-AGTGTACCTC	STREME-8	4.3e-002	Not	14.00	fp	0
8-AGTGTACCTC	STREME-8	4.3e-002	FBgn0004606:chr3R30772536:30773261	13.71	tp	0
8-AGTGTACCTC	STREME-8	4.3e-002	Not	13.66	tp	0
8-AGTGTACCTC	STREME-8	4.3e-002	FBgn0037879,FBgn0020910:chr3R11224985:11225247	13.49	tp	0
8-AGTGTACCTC	STREME-8	4.3e-002	FBgn0038092:chr3R12921669:12924225	13.30	tp	0
8-AGTGTACCTC	STREME-8	4.3e-002	FBgn0087007:chr3L14469780:14470954	13.30	tp	0
8-AGTGTACCTC	STREME-8	4.3e-002	Not	13.30	tp	0
8-AGTGTACCTC	STREME-8	4.3e-002	FBgn0063485,FBgn0264605:chr3L16685825:16686827	13.30	tp	0
8-AGTGTACCTC	STREME-8	4.3e-002	Not	13.30	tp	0
8-AGTGTACCTC	STREME-8	4.3e-002	Not	13.30	tp	0
8-AGTGTACCTC	STREME-8	4.3e-002	Not	13.30	tp	1
8-AGTGTACCTC	STREME-8	4.3e-002	FBgn0267516:chrX23278769:23279992	13.12	tp	0
8-AGTGTACCTC	STREME-8	4.3e-002	Not	13.12	tp	0
8-AGTGTACCTC	STREME-8	4.3e-002	Not	13.12	tp	0
8-AGTGTACCTC	STREME-8	4.3e-002	Not	13.12	tp	0
8-AGTGTACCTC	STREME-8	4.3e-002	FBgn0267516:chrX23278769:23279992	13.12	tp	0
8-AGTGTACCTC	STREME-8	4.3e-002	FBgn0267516:chrX23278769:23279992	13.12	tp	1
8-AGTGTACCTC	STREME-8	4.3e-002	FBgn0004436,FBgn0266698:chr3R4947894:4948265	13.01	tp	0
8-AGTGTACCTC	STREME-8	4.3e-002	FBgn0267413:chrY3302860:3303458	12.80	tp	0
8-AGTGTACCTC	STREME-8	4.3e-002	FBgn0087007:chr3L14469031:14469426	12.80	tp	0
8-AGTGTACCTC	STREME-8	4.3e-002	Not	12.80	tp	0
8-AGTGTACCTC	STREME-8	4.3e-002	Not	12.80	tp	0
8-AGTGTACCTC	STREME-8	4.3e-002	FBgn0005640:chr3L3601796:3602208	12.80	tp	0
8-AGTGTACCTC	STREME-8	4.3e-002	Not	12.80	tp	0
8-AGTGTACCTC	STREME-8	4.3e-002	FBgn0011288:chr3L24246815:24247223	12.80	tp	0
8-AGTGTACCTC	STREME-8	4.3e-002	FBgn0029824:chrX5931492:5931692	12.80	tp	0
8-AGTGTACCTC	STREME-8	4.3e-002	Not	12.80	fp	0
8-AGTGTACCTC	STREME-8	4.3e-002	FBgn0038092:chr3R12924459:12925201	12.80	tp	1
8-AGTGTACCTC	STREME-8	4.3e-002	Not	12.80	tp	1
8-AGTGTACCTC	STREME-8	4.3e-002	Not	12.71	tp	0
8-AGTGTACCTC	STREME-8	4.3e-002	Not	12.71	tp	0
8-AGTGTACCTC	STREME-8	4.3e-002	Not	12.71	tp	0
8-AGTGTACCTC	STREME-8	4.3e-002	Not	12.71	tp	0
8-AGTGTACCTC	STREME-8	4.3e-002	Not	12.71	tp	0
8-AGTGTACCTC	STREME-8	4.3e-002	Not	12.71	tp	0
8-AGTGTACCTC	STREME-8	4.3e-002	Not	12.71	tp	1
8-AGTGTACCTC	STREME-8	4.3e-002	FBgn0082941,FBgn0083123:chr2R14624344:14624642	12.31	fp	1
8-AGTGTACCTC	STREME-8	4.3e-002	FBgn0053229,FBgn0262109:chr3L225631:226052	12.26	tp	1
8-AGTGTACCTC	STREME-8	4.3e-002	Not	12.07	fp	0
8-AGTGTACCTC	STREME-8	4.3e-002	Not	12.07	tp	0
8-AGTGTACCTC	STREME-8	4.3e-002	Not	12.07	tp	0
8-AGTGTACCTC	STREME-8	4.3e-002	Not	12.07	tp	0
8-AGTGTACCTC	STREME-8	4.3e-002	Not	12.07	tp	0
8-AGTGTACCTC	STREME-8	4.3e-002	Not	12.07	tp	0
8-AGTGTACCTC	STREME-8	4.3e-002	Not	12.07	tp	0
8-AGTGTACCTC	STREME-8	4.3e-002	FBgn0267704:chrX21779185:21780315	11.99	fp	0
8-AGTGTACCTC	STREME-8	4.3e-002	FBgn0032364,FBgn0032363:chr2L11516480:11517366	11.83	tp	0
8-AGTGTACCTC	STREME-8	4.3e-002	Not	11.78	tp	0
8-AGTGTACCTC	STREME-8	4.3e-002	Not	11.78	tp	0
8-AGTGTACCTC	STREME-8	4.3e-002	Not	11.78	tp	0
8-AGTGTACCTC	STREME-8	4.3e-002	Not	11.76	fp	0
8-AGTGTACCTC	STREME-8	4.3e-002	FBgn0043458,FBgn0020248:chr3L1489540:1490011	11.33	tp	0
8-AGTGTACCTC	STREME-8	4.3e-002	FBgn0034397:chr2R18833552:18833781	11.31	tp	0
8-AGTGTACCTC	STREME-8	4.3e-002	Not	11.31	tp	0
8-AGTGTACCTC	STREME-8	4.3e-002	Not	11.31	tp	0
8-AGTGTACCTC	STREME-8	4.3e-002	FBgn0031975:chr2L8015551:8016175	11.27	tp	0
8-AGTGTACCTC	STREME-8	4.3e-002	FBgn0038092:chr3R12921669:12924225	11.22	fp	0
8-AGTGTACCTC	STREME-8	4.3e-002	FBgn0267521,FBgn0267516:chrX23282125:23283288	11.18	tp	0
8-AGTGTACCTC	STREME-8	4.3e-002	FBgn0267521,FBgn0267516:chrX23282125:23283288	11.18	tp	0
8-AGTGTACCTC	STREME-8	4.3e-002	FBgn0267521,FBgn0267516:chrX23282125:23283288	11.18	tp	0
8-AGTGTACCTC	STREME-8	4.3e-002	Not	11.01	fp	0
8-AGTGTACCTC	STREME-8	4.3e-002	FBgn0051324:chr3R26106875:26107183	10.96	tp	0
8-AGTGTACCTC	STREME-8	4.3e-002	Not	10.92	tp	0
8-AGTGTACCTC	STREME-8	4.3e-002	Not	10.92	tp	0
#
9-CTATCAAC	STREME-9	4.3e-002	FBgn0000721:chr2L3652068:3652268	15.57	tp	0
9-CTATCAAC	STREME-9	4.3e-002	FBgn0267761,FBgn0005674,FBgn0039132:chr3R23958395:23958636	15.57	tp	0
9-CTATCAAC	STREME-9	4.3e-002	Not	15.57	tp	0
9-CTATCAAC	STREME-9	4.3e-002	Not	15.57	tp	0
9-CTATCAAC	STREME-9	4.3e-002	FBgn0038092:chr3R12921669:12924225	15.57	tp	0
9-CTATCAAC	STREME-9	4.3e-002	FBgn0087007:chr3L14469780:14470954	15.57	tp	0
9-CTATCAAC	STREME-9	4.3e-002	Not	15.57	tp	0
9-CTATCAAC	STREME-9	4.3e-002	FBgn0063485,FBgn0264605:chr3L16685825:16686827	15.57	tp	0
9-CTATCAAC	STREME-9	4.3e-002	FBgn0267521,FBgn0267516:chrX23282125:23283288	15.57	tp	0
9-CTATCAAC	STREME-9	4.3e-002	Not	15.57	tp	0
9-CTATCAAC	STREME-9	4.3e-002	Not	15.57	tp	0
9-CTATCAAC	STREME-9	4.3e-002	Not	15.57	tp	0
9-CTATCAAC	STREME-9	4.3e-002	FBgn0267521,FBgn0267516:chrX23282125:23283288	15.57	tp	0
9-CTATCAAC	STREME-9	4.3e-002	Not	15.57	tp	0
9-CTATCAAC	STREME-9	4.3e-002	FBgn0031975:chr2L8015551:8016175	15.57	tp	0
9-CTATCAAC	STREME-9	4.3e-002	Not	15.57	tp	0
9-CTATCAAC	STREME-9	4.3e-002	FBgn0267521,FBgn0267516:chrX23282125:23283288	15.57	tp	0
9-CTATCAAC	STREME-9	4.3e-002	Not	15.57	fp	0
9-CTATCAAC	STREME-9	4.3e-002	Not	15.57	tp	1
9-CTATCAAC	STREME-9	4.3e-002	FBgn0011288:chr3L24173018:24176086	15.57	tp	1
9-CTATCAAC	STREME-9	4.3e-002	Not	15.57	tp	1
9-CTATCAAC	STREME-9	4.3e-002	Not	15.57	fp	1
9-CTATCAAC	STREME-9	4.3e-002	Not	14.91	tp	0
9-CTATCAAC	STREME-9	4.3e-002	Not	14.91	tp	0
9-CTATCAAC	STREME-9	4.3e-002	Not	14.91	tp	0
9-CTATCAAC	STREME-9	4.3e-002	Not	14.91	tp	0
9-CTATCAAC	STREME-9	4.3e-002	Not	14.91	tp	0
9-CTATCAAC	STREME-9	4.3e-002	Not	14.91	tp	0
9-CTATCAAC	STREME-9	4.3e-002	Not	14.91	tp	1
9-CTATCAAC	STREME-9	4.3e-002	Not	13.98	tp	0
9-CTATCAAC	STREME-9	4.3e-002	Not	13.98	tp	0
9-CTATCAAC	STREME-9	4.3e-002	FBgn0063485,FBgn0264605:chr3L16687127:16688008	13.98	tp	0
9-CTATCAAC	STREME-9	4.3e-002	Not	13.98	tp	0
9-CTATCAAC	STREME-9	4.3e-002	Not	13.98	tp	0
9-CTATCAAC	STREME-9	4.3e-002	Not	13.98	tp	0
9-CTATCAAC	STREME-9	4.3e-002	FBgn0082941,FBgn0083123:chr2R14624344:14624642	13.98	tp	0
9-CTATCAAC	STREME-9	4.3e-002	FBgn0267704:chrX21779185:21780315	13.98	fp	0
9-CTATCAAC	STREME-9	4.3e-002	Not	13.98	fp	0
9-CTATCAAC	STREME-9	4.3e-002	FBgn0031975:chr2L8016591:8017414	13.98	tp	1
9-CTATCAAC	STREME-9	4.3e-002	Not	13.98	tp	1
9-CTATCAAC	STREME-9	4.3e-002	Not	13.67	tp	0
9-CTATCAAC	STREME-9	4.3e-002	FBgn0087007:chr3L14471785:14472353	13.67	tp	0
9-CTATCAAC	STREME-9	4.3e-002	Not	13.67	tp	0
9-CTATCAAC	STREME-9	4.3e-002	Not	13.67	tp	0
9-CTATCAAC	STREME-9	4.3e-002	FBgn0000721:chr2L3653201:3653518	13.67	tp	0
9-CTATCAAC	STREME-9	4.3e-002	FBgn0037730,FBgn0037728:chr3R9680352:9680723	13.67	fp	0
#
10-WATATATATW	STREME-10	5.9e-002	Not	13.60	tp	0
10-WATATATATW	STREME-10	5.9e-002	FBgn0267521,FBgn0267516:chrX23282125:23283288	13.60	tp	0
10-WATATATATW	STREME-10	5.9e-002	FBgn0267521,FBgn0267516:chrX23282125:23283288	13.60	tp	0
10-WATATATATW	STREME-10	5.9e-002	Not	13.60	tp	0
10-WATATATATW	STREME-10	5.9e-002	FBgn0267521,FBgn0267516:chrX23283521:23284212	13.60	tp	0
10-WATATATATW	STREME-10	5.9e-002	FBgn0267521,FBgn0267516:chrX23283521:23284212	13.60	tp	0
10-WATATATATW	STREME-10	5.9e-002	FBgn0267521,FBgn0267516:chrX23282125:23283288	13.60	tp	0
10-WATATATATW	STREME-10	5.9e-002	Not	12.88	tp	0
10-WATATATATW	STREME-10	5.9e-002	Not	12.88	tp	0
10-WATATATATW	STREME-10	5.9e-002	Not	12.88	tp	0
10-WATATATATW	STREME-10	5.9e-002	FBgn0038092:chr3R12921669:12924225	12.88	tp	0
10-WATATATATW	STREME-10	5.9e-002	FBgn0087007:chr3L14471785:14472353	12.88	tp	0
10-WATATATATW	STREME-10	5.9e-002	Not	12.88	tp	0
10-WATATATATW	STREME-10	5.9e-002	FBgn0260400,FBgn0004648,FBgn0023535:chrX508941:509295	12.88	tp	0
10-WATATATATW	STREME-10	5.9e-002	Not	12.88	tp	0
10-WATATATATW	STREME-10	5.9e-002	FBgn0063485,FBgn0264605:chr3L16687127:16688008	12.88	tp	0
10-WATATATATW	STREME-10	5.9e-002	FBgn0000721:chr2L3653201:3653518	12.88	tp	0
10-WATATATATW	STREME-10	5.9e-002	Not	12.88	tp	0
10-WATATATATW	STREME-10	5.9e-002	Not	12.88	tp	0
10-WATATATATW	STREME-10	5.9e-002	Not	12.88	fp	0
10-WATATATATW	STREME-10	5.9e-002	Not	12.88	tp	1
10-WATATATATW	STREME-10	5.9e-002	FBgn0031975:chr2L8016591:8017414	12.88	tp	1
10-WATATATATW	STREME-10	5.9e-002	Not	12.88	fp	1
10-WATATATATW	STREME-10	5.9e-002	FBgn0051324:chr3R26106103:26106839	12.17	tp	0
10-WATATATATW	STREME-10	5.9e-002	FBgn0030465,FBgn0041210:chrX13284200:13285243	12.17	tp	0
10-WATATATATW	STREME-10	5.9e-002	FBgn0024245:chr2L19347583:19348076	12.17	tp	0
10-WATATATATW	STREME-10	5.9e-002	FBgn0267521,FBgn0267516:chrX23283521:23284212	12.17	fp	0
10-WATATATATW	STREME-10	5.9e-002	FBgn0024245:chr2L19347583:19348076	12.17	fp	0
10-WATATATATW	STREME-10	5.9e-002	FBgn0267413:chrY3302860:3303458	12.00	tp	0
10-WATATATATW	STREME-10	5.9e-002	FBgn0267516,FBgn0267522:chrX23278073:23278549	12.00	tp	0
10-WATATATATW	STREME-10	5.9e-002	FBgn0029824:chrX5931923:5932137	12.00	tp	0
10-WATATATATW	STREME-10	5.9e-002	FBgn0267516,FBgn0267522:chrX23278073:23278549	12.00	tp	0
10-WATATATATW	STREME-10	5.9e-002	Not	12.00	tp	0
10-WATATATATW	STREME-10	5.9e-002	Not	12.00	tp	0
10-WATATATATW	STREME-10	5.9e-002	FBgn0267516,FBgn0267522:chrX23278073:23278549	12.00	tp	0
10-WATATATATW	STREME-10	5.9e-002	Not	12.00	tp	0
10-WATATATATW	STREME-10	5.9e-002	Not	12.00	tp	0
10-WATATATATW	STREME-10	5.9e-002	Not	12.00	tp	0
10-WATATATATW	STREME-10	5.9e-002	Not	12.00	fp	0
10-WATATATATW	STREME-10	5.9e-002	Not	12.00	fp	0
10-WATATATATW	STREME-10	5.9e-002	FBgn0038092:chr3R12924459:12925201	12.00	tp	1
10-WATATATATW	STREME-10	5.9e-002	Not	12.00	fp	1
10-WATATATATW	STREME-10	5.9e-002	Not	11.29	tp	0
10-WATATATATW	STREME-10	5.9e-002	Not	11.29	tp	0
10-WATATATATW	STREME-10	5.9e-002	Not	11.29	tp	0
10-WATATATATW	STREME-10	5.9e-002	FBgn0267516:chrX23278769:23279992	11.29	tp	0
10-WATATATATW	STREME-10	5.9e-002	Not	11.29	tp	0
10-WATATATATW	STREME-10	5.9e-002	Not	11.29	tp	0
10-WATATATATW	STREME-10	5.9e-002	Not	11.29	tp	0
10-WATATATATW	STREME-10	5.9e-002	Not	11.29	tp	0
10-WATATATATW	STREME-10	5.9e-002	FBgn0267521,FBgn0267516,FBgn0267522:chrX23280289:23280603	11.29	tp	0
10-WATATATATW	STREME-10	5.9e-002	Not	11.29	tp	0
10-WATATATATW	STREME-10	5.9e-002	Not	11.29	tp	0
10-WATATATATW	STREME-10	5.9e-002	Not	11.29	tp	0
10-WATATATATW	STREME-10	5.9e-002	Not	11.29	tp	0
10-WATATATATW	STREME-10	5.9e-002	FBgn0267516:chrX23278769:23279992	11.29	tp	0
10-WATATATATW	STREME-10	5.9e-002	FBgn0267521,FBgn0267516,FBgn0267522:chrX23280289:23280603	11.29	tp	0
10-WATATATATW	STREME-10	5.9e-002	FBgn0267519,FBgn0085813:chrX23213489:23213731	11.29	tp	0
10-WATATATATW	STREME-10	5.9e-002	Not	11.29	tp	0
10-WATATATATW	STREME-10	5.9e-002	Not	11.29	tp	0
10-WATATATATW	STREME-10	5.9e-002	Not	11.29	tp	0
10-WATATATATW	STREME-10	5.9e-002	Not	11.29	tp	0
10-WATATATATW	STREME-10	5.9e-002	Not	11.29	fp	0
10-WATATATATW	STREME-10	5.9e-002	FBgn0267516:chrX23278769:23279992	11.29	fp	0
10-WATATATATW	STREME-10	5.9e-002	FBgn0051287,FBgn0010438:chr3R16205265:16205484	11.29	fp	0
10-WATATATATW	STREME-10	5.9e-002	Not	11.29	fp	0
10-WATATATATW	STREME-10	5.9e-002	FBgn0267519:chrX23214212:23214517	11.29	fp	0
10-WATATATATW	STREME-10	5.9e-002	Not	11.29	tp	1
10-WATATATATW	STREME-10	5.9e-002	Not	11.29	tp	1
10-WATATATATW	STREME-10	5.9e-002	FBgn0267516:chrX23278769:23279992	11.29	tp	1
10-WATATATATW	STREME-10	5.9e-002	Not	11.29	tp	1
#
11-ATGATAAAT	STREME-11	8.7e-002	FBgn0267761,FBgn0005674,FBgn0039132:chr3R23958395:23958636	15.31	tp	0
11-ATGATAAAT	STREME-11	8.7e-002	Not	15.31	tp	0
11-ATGATAAAT	STREME-11	8.7e-002	Not	15.31	tp	0
11-ATGATAAAT	STREME-11	8.7e-002	FBgn0267516:chrX23278769:23279992	15.31	tp	0
11-ATGATAAAT	STREME-11	8.7e-002	Not	15.31	tp	0
11-ATGATAAAT	STREME-11	8.7e-002	Not	15.31	tp	0
11-ATGATAAAT	STREME-11	8.7e-002	Not	15.31	tp	0
11-ATGATAAAT	STREME-11	8.7e-002	FBgn0038092:chr3R12921669:12924225	15.31	tp	0
11-ATGATAAAT	STREME-11	8.7e-002	FBgn0087007:chr3L14469780:14470954	15.31	tp	0
11-ATGATAAAT	STREME-11	8.7e-002	Not	15.31	tp	0
11-ATGATAAAT	STREME-11	8.7e-002	Not	15.31	tp	0
11-ATGATAAAT	STREME-11	8.7e-002	Not	15.31	tp	0
11-ATGATAAAT	STREME-11	8.7e-002	FBgn0063485,FBgn0264605:chr3L16685825:16686827	15.31	tp	0
11-ATGATAAAT	STREME-11	8.7e-002	Not	15.31	tp	0
11-ATGATAAAT	STREME-11	8.7e-002	FBgn0063485,FBgn0264605:chr3L16687127:16688008	15.31	tp	0
11-ATGATAAAT	STREME-11	8.7e-002	Not	15.31	tp	0
11-ATGATAAAT	STREME-11	8.7e-002	FBgn0267516:chrX23278769:23279992	15.31	tp	0
11-ATGATAAAT	STREME-11	8.7e-002	Not	15.31	tp	0
11-ATGATAAAT	STREME-11	8.7e-002	Not	15.31	tp	0
11-ATGATAAAT	STREME-11	8.7e-002	Not	15.31	tp	0
11-ATGATAAAT	STREME-11	8.7e-002	Not	15.31	tp	0
11-ATGATAAAT	STREME-11	8.7e-002	Not	15.31	tp	0
11-ATGATAAAT	STREME-11	8.7e-002	Not	15.31	tp	0
11-ATGATAAAT	STREME-11	8.7e-002	FBgn0031975:chr2L8015551:8016175	15.31	tp	0
11-ATGATAAAT	STREME-11	8.7e-002	Not	15.31	tp	0
11-ATGATAAAT	STREME-11	8.7e-002	Not	15.31	tp	0
11-ATGATAAAT	STREME-11	8.7e-002	Not	15.31	fp	0
11-ATGATAAAT	STREME-11	8.7e-002	Not	15.31	tp	1
11-ATGATAAAT	STREME-11	8.7e-002	Not	15.31	tp	1
11-ATGATAAAT	STREME-11	8.7e-002	FBgn0031975:chr2L8016591:8017414	15.31	tp	1
11-ATGATAAAT	STREME-11	8.7e-002	Not	15.31	tp	1
11-ATGATAAAT	STREME-11	8.7e-002	FBgn0267516:chrX23278769:23279992	15.31	tp	1
11-ATGATAAAT	STREME-11	8.7e-002	Not	15.31	fp	1
11-ATGATAAAT	STREME-11	8.7e-002	Not	14.89	tp	0
11-ATGATAAAT	STREME-11	8.7e-002	Not	14.89	tp	0
11-ATGATAAAT	STREME-11	8.7e-002	Not	14.89	tp	0
11-ATGATAAAT	STREME-11	8.7e-002	Not	14.89	tp	0
11-ATGATAAAT	STREME-11	8.7e-002	FBgn0267521,FBgn0267516,FBgn0267522:chrX23280289:23280603	14.89	tp	0
11-ATGATAAAT	STREME-11	8.7e-002	Not	14.89	tp	0
11-ATGATAAAT	STREME-11	8.7e-002	Not	14.89	tp	0
11-ATGATAAAT	STREME-11	8.7e-002	FBgn0267521,FBgn0267516,FBgn0267522:chrX23280289:23280603	14.89	tp	0
11-ATGATAAAT	STREME-11	8.7e-002	Not	12.57	tp	0
11-ATGATAAAT	STREME-11	8.7e-002	Not	12.57	tp	0
#
12-AATGCCTARC	STREME-12	1.1e-001	FBgn0267413:chrY3302860:3303458	17.86	tp	0
12-AATGCCTARC	STREME-12	1.1e-001	Not	17.86	tp	0
12-AATGCCTARC	STREME-12	1.1e-001	Not	17.86	tp	0
12-AATGCCTARC	STREME-12	1.1e-001	Not	17.86	tp	0
12-AATGCCTARC	STREME-12	1.1e-001	FBgn0087007:chr3L14469031:14469426	17.86	tp	0
12-AATGCCTARC	STREME-12	1.1e-001	FBgn0267516,FBgn0267522:chrX23278073:23278549	17.86	tp	0
12-AATGCCTARC	STREME-12	1.1e-001	Not	17.86	tp	0
12-AATGCCTARC	STREME-12	1.1e-001	FBgn0267516,FBgn0267522:chrX23278073:23278549	17.86	tp	0
12-AATGCCTARC	STREME-12	1.1e-001	Not	17.86	tp	0
12-AATGCCTARC	STREME-12	1.1e-001	Not	17.86	tp	0
12-AATGCCTARC	STREME-12	1.1e-001	FBgn0005640:chr3L3601796:3602208	17.86	tp	0
12-AATGCCTARC	STREME-12	1.1e-001	FBgn0267516,FBgn0267522:chrX23278073:23278549	17.86	tp	0
12-AATGCCTARC	STREME-12	1.1e-001	Not	17.86	tp	0
12-AATGCCTARC	STREME-12	1.1e-001	Not	17.86	tp	0
12-AATGCCTARC	STREME-12	1.1e-001	FBgn0011288:chr3L24246815:24247223	17.86	tp	0
12-AATGCCTARC	STREME-12	1.1e-001	Not	17.86	tp	0
12-AATGCCTARC	STREME-12	1.1e-001	Not	17.86	tp	1
12-AATGCCTARC	STREME-12	1.1e-001	FBgn0038092:chr3R12924459:12925201	17.86	tp	1
12-AATGCCTARC	STREME-12	1.1e-001	Not	17.86	tp	1
12-AATGCCTARC	STREME-12	1.1e-001	Not	17.22	tp	0
12-AATGCCTARC	STREME-12	1.1e-001	Not	17.22	tp	0
12-AATGCCTARC	STREME-12	1.1e-001	Not	17.22	tp	0
12-AATGCCTARC	STREME-12	1.1e-001	Not	17.22	tp	0
12-AATGCCTARC	STREME-12	1.1e-001	Not	17.22	tp	0
12-AATGCCTARC	STREME-12	1.1e-001	FBgn0267519:chrX23214212:23214517	17.22	tp	0
12-AATGCCTARC	STREME-12	1.1e-001	FBgn0267519:chrX23214212:23214517	17.22	tp	0
12-AATGCCTARC	STREME-12	1.1e-001	Not	17.22	tp	0
12-AATGCCTARC	STREME-12	1.1e-001	FBgn0267519:chrX23214212:23214517	17.22	tp	0
12-AATGCCTARC	STREME-12	1.1e-001	Not	17.22	tp	0
12-AATGCCTARC	STREME-12	1.1e-001	Not	17.22	tp	0
12-AATGCCTARC	STREME-12	1.1e-001	Not	17.22	tp	0
12-AATGCCTARC	STREME-12	1.1e-001	Not	15.11	tp	0
12-AATGCCTARC	STREME-12	1.1e-001	Not	15.11	tp	0
12-AATGCCTARC	STREME-12	1.1e-001	Not	15.11	tp	0
12-AATGCCTARC	STREME-12	1.1e-001	Not	15.11	tp	0
12-AATGCCTARC	STREME-12	1.1e-001	FBgn0031975:chr2L8015551:8016175	15.11	tp	0
12-AATGCCTARC	STREME-12	1.1e-001	FBgn0024245:chr2L19348446:19348699	15.09	tp	0
12-AATGCCTARC	STREME-12	1.1e-001	Not	13.91	tp	0
12-AATGCCTARC	STREME-12	1.1e-001	FBgn0267521,FBgn0267516:chrX23283521:23284212	13.91	tp	0
12-AATGCCTARC	STREME-12	1.1e-001	FBgn0267521,FBgn0267516:chrX23283521:23284212	13.91	tp	0
12-AATGCCTARC	STREME-12	1.1e-001	FBgn0029504:chrX7695752:7696330	12.66	tp	0
12-AATGCCTARC	STREME-12	1.1e-001	Not	12.49	tp	0
12-AATGCCTARC	STREME-12	1.1e-001	Not	12.49	tp	0
